Brian_Wells/Brian_Wells_0001.jpg Brian_Wells/Brian_Wells_0002.jpg 1
Carlos_Quintanilla_Schmidt/Carlos_Quintanilla_Schmidt_0001.jpg Carlos_Quintanilla_Schmidt/Carlos_Quintanilla_Schmidt_0002.jpg 1
Carolina_Moraes/Carolina_Moraes_0001.jpg Carolina_Moraes/Carolina_Moraes_0002.jpg 1
Cecilia_Bolocco/Cecilia_Bolocco_0001.jpg Cecilia_Bolocco/Cecilia_Bolocco_0002.jpg 1
Cecilia_Bolocco/Cecilia_Bolocco_0001.jpg Cecilia_Bolocco/Cecilia_Bolocco_0003.jpg 1
Cecilia_Bolocco/Cecilia_Bolocco_0002.jpg Cecilia_Bolocco/Cecilia_Bolocco_0003.jpg 1
Cesar_Gaviria/Cesar_Gaviria_0002.jpg Cesar_Gaviria/Cesar_Gaviria_0004.jpg 1
Cesar_Gaviria/Cesar_Gaviria_0002.jpg Cesar_Gaviria/Cesar_Gaviria_0005.jpg 1
Cesar_Gaviria/Cesar_Gaviria_0003.jpg Cesar_Gaviria/Cesar_Gaviria_0006.jpg 1
Cesar_Gaviria/Cesar_Gaviria_0003.jpg Cesar_Gaviria/Cesar_Gaviria_0007.jpg 1
Cesar_Gaviria/Cesar_Gaviria_0004.jpg Cesar_Gaviria/Cesar_Gaviria_0006.jpg 1
Charlie_Zaa/Charlie_Zaa_0001.jpg Charlie_Zaa/Charlie_Zaa_0002.jpg 1
Chita_Rivera/Chita_Rivera_0001.jpg Chita_Rivera/Chita_Rivera_0002.jpg 1
Christian_Longo/Christian_Longo_0001.jpg Christian_Longo/Christian_Longo_0002.jpg 1
Christian_Longo/Christian_Longo_0001.jpg Christian_Longo/Christian_Longo_0003.jpg 1
Christian_Wulff/Christian_Wulff_0001.jpg Christian_Wulff/Christian_Wulff_0002.jpg 1
Colin_Jackson/Colin_Jackson_0001.jpg Colin_Jackson/Colin_Jackson_0002.jpg 1
Darrell_Issa/Darrell_Issa_0001.jpg Darrell_Issa/Darrell_Issa_0002.jpg 1
Darrell_Porter/Darrell_Porter_0001.jpg Darrell_Porter/Darrell_Porter_0002.jpg 1
Dave_Campo/Dave_Campo_0001.jpg Dave_Campo/Dave_Campo_0003.jpg 1
David_Dodge/David_Dodge_0001.jpg David_Dodge/David_Dodge_0002.jpg 1
David_Heyman/David_Heyman_0001.jpg David_Heyman/David_Heyman_0002.jpg 1
David_Spade/David_Spade_0001.jpg David_Spade/David_Spade_0002.jpg 1
David_Wells/David_Wells_0001.jpg David_Wells/David_Wells_0005.jpg 1
David_Wells/David_Wells_0001.jpg David_Wells/David_Wells_0006.jpg 1
David_Wells/David_Wells_0001.jpg David_Wells/David_Wells_0007.jpg 1
David_Wells/David_Wells_0002.jpg David_Wells/David_Wells_0006.jpg 1
David_Wells/David_Wells_0005.jpg David_Wells/David_Wells_0006.jpg 1
Debbie_Reynolds/Debbie_Reynolds_0001.jpg Debbie_Reynolds/Debbie_Reynolds_0003.jpg 1
Debbie_Reynolds/Debbie_Reynolds_0002.jpg Debbie_Reynolds/Debbie_Reynolds_0004.jpg 1
Dexter_Jackson/Dexter_Jackson_0001.jpg Dexter_Jackson/Dexter_Jackson_0002.jpg 1
Diana_Taurasi/Diana_Taurasi_0001.jpg Diana_Taurasi/Diana_Taurasi_0002.jpg 1
Donald_Evans/Donald_Evans_0001.jpg Donald_Evans/Donald_Evans_0002.jpg 1
Duane_Lee_Chapman/Duane_Lee_Chapman_0001.jpg Duane_Lee_Chapman/Duane_Lee_Chapman_0002.jpg 1
Ed_Smart/Ed_Smart_0001.jpg Ed_Smart/Ed_Smart_0003.jpg 1
Eileen_Coparropa/Eileen_Coparropa_0001.jpg Eileen_Coparropa/Eileen_Coparropa_0002.jpg 1
Eileen_Coparropa/Eileen_Coparropa_0001.jpg Eileen_Coparropa/Eileen_Coparropa_0003.jpg 1
Eileen_Coparropa/Eileen_Coparropa_0002.jpg Eileen_Coparropa/Eileen_Coparropa_0003.jpg 1
Elizabeth_Dole/Elizabeth_Dole_0001.jpg Elizabeth_Dole/Elizabeth_Dole_0003.jpg 1
Elizabeth_Dole/Elizabeth_Dole_0002.jpg Elizabeth_Dole/Elizabeth_Dole_0004.jpg 1
Fred_Funk/Fred_Funk_0001.jpg Fred_Funk/Fred_Funk_0002.jpg 1
Gabriel_Valdes/Gabriel_Valdes_0001.jpg Gabriel_Valdes/Gabriel_Valdes_0002.jpg 1
Gary_Winnick/Gary_Winnick_0001.jpg Gary_Winnick/Gary_Winnick_0002.jpg 1
Geno_Auriemma/Geno_Auriemma_0001.jpg Geno_Auriemma/Geno_Auriemma_0002.jpg 1
George_Karl/George_Karl_0001.jpg George_Karl/George_Karl_0002.jpg 1
George_Robertson/George_Robertson_0002.jpg George_Robertson/George_Robertson_0003.jpg 1
George_Robertson/George_Robertson_0003.jpg George_Robertson/George_Robertson_0019.jpg 1
George_Robertson/George_Robertson_0007.jpg George_Robertson/George_Robertson_0019.jpg 1
George_Robertson/George_Robertson_0011.jpg George_Robertson/George_Robertson_0012.jpg 1
George_Ryan/George_Ryan_0001.jpg George_Ryan/George_Ryan_0004.jpg 1
George_Ryan/George_Ryan_0002.jpg George_Ryan/George_Ryan_0003.jpg 1
George_W_Bush/George_W_Bush_0007.jpg George_W_Bush/George_W_Bush_0065.jpg 1
George_W_Bush/George_W_Bush_0016.jpg George_W_Bush/George_W_Bush_0482.jpg 1
George_W_Bush/George_W_Bush_0145.jpg George_W_Bush/George_W_Bush_0150.jpg 1
George_W_Bush/George_W_Bush_0145.jpg George_W_Bush/George_W_Bush_0238.jpg 1
George_W_Bush/George_W_Bush_0203.jpg George_W_Bush/George_W_Bush_0247.jpg 1
Gloria_Trevi/Gloria_Trevi_0001.jpg Gloria_Trevi/Gloria_Trevi_0002.jpg 1
Gloria_Trevi/Gloria_Trevi_0002.jpg Gloria_Trevi/Gloria_Trevi_0003.jpg 1
Gloria_Trevi/Gloria_Trevi_0002.jpg Gloria_Trevi/Gloria_Trevi_0004.jpg 1
Gordon_Campbell/Gordon_Campbell_0001.jpg Gordon_Campbell/Gordon_Campbell_0002.jpg 1
Greg_Rusedski/Greg_Rusedski_0001.jpg Greg_Rusedski/Greg_Rusedski_0002.jpg 1
Greg_Rusedski/Greg_Rusedski_0002.jpg Greg_Rusedski/Greg_Rusedski_0003.jpg 1
Greg_Rusedski/Greg_Rusedski_0002.jpg Greg_Rusedski/Greg_Rusedski_0004.jpg 1
Greg_Rusedski/Greg_Rusedski_0003.jpg Greg_Rusedski/Greg_Rusedski_0004.jpg 1
Gustavo_Kuerten/Gustavo_Kuerten_0001.jpg Gustavo_Kuerten/Gustavo_Kuerten_0002.jpg 1
Gustavo_Kuerten/Gustavo_Kuerten_0002.jpg Gustavo_Kuerten/Gustavo_Kuerten_0003.jpg 1
Guy_Hemmings/Guy_Hemmings_0001.jpg Guy_Hemmings/Guy_Hemmings_0002.jpg 1
Halle_Berry/Halle_Berry_0006.jpg Halle_Berry/Halle_Berry_0007.jpg 1
Halle_Berry/Halle_Berry_0006.jpg Halle_Berry/Halle_Berry_0009.jpg 1
Halle_Berry/Halle_Berry_0007.jpg Halle_Berry/Halle_Berry_0009.jpg 1
Heather_Mills/Heather_Mills_0002.jpg Heather_Mills/Heather_Mills_0003.jpg 1
Heather_Mills/Heather_Mills_0002.jpg Heather_Mills/Heather_Mills_0004.jpg 1
Heidi_Fleiss/Heidi_Fleiss_0001.jpg Heidi_Fleiss/Heidi_Fleiss_0002.jpg 1
Heidi_Fleiss/Heidi_Fleiss_0001.jpg Heidi_Fleiss/Heidi_Fleiss_0003.jpg 1
Henrique_Meirelles/Henrique_Meirelles_0001.jpg Henrique_Meirelles/Henrique_Meirelles_0002.jpg 1
Iva_Majoli/Iva_Majoli_0001.jpg Iva_Majoli/Iva_Majoli_0002.jpg 1
Jake_Gyllenhaal/Jake_Gyllenhaal_0003.jpg Jake_Gyllenhaal/Jake_Gyllenhaal_0005.jpg 1
Jake_Gyllenhaal/Jake_Gyllenhaal_0004.jpg Jake_Gyllenhaal/Jake_Gyllenhaal_0005.jpg 1
James_Cunningham/James_Cunningham_0001.jpg James_Cunningham/James_Cunningham_0002.jpg 1
James_Cunningham/James_Cunningham_0001.jpg James_Cunningham/James_Cunningham_0003.jpg 1
James_Cunningham/James_Cunningham_0002.jpg James_Cunningham/James_Cunningham_0003.jpg 1
James_Parker/James_Parker_0001.jpg James_Parker/James_Parker_0002.jpg 1
James_Wolfensohn/James_Wolfensohn_0002.jpg James_Wolfensohn/James_Wolfensohn_0005.jpg 1
Jason_Lezak/Jason_Lezak_0001.jpg Jason_Lezak/Jason_Lezak_0002.jpg 1
Jay_Rasulo/Jay_Rasulo_0001.jpg Jay_Rasulo/Jay_Rasulo_0002.jpg 1
Jean-Claude_Juncker/Jean-Claude_Juncker_0001.jpg Jean-Claude_Juncker/Jean-Claude_Juncker_0002.jpg 1
Jennifer_Lopez/Jennifer_Lopez_0001.jpg Jennifer_Lopez/Jennifer_Lopez_0003.jpg 1
Jennifer_Lopez/Jennifer_Lopez_0002.jpg Jennifer_Lopez/Jennifer_Lopez_0016.jpg 1
Jennifer_Lopez/Jennifer_Lopez_0003.jpg Jennifer_Lopez/Jennifer_Lopez_0010.jpg 1
Jennifer_Lopez/Jennifer_Lopez_0003.jpg Jennifer_Lopez/Jennifer_Lopez_0014.jpg 1
Jesse_Jackson/Jesse_Jackson_0001.jpg Jesse_Jackson/Jesse_Jackson_0003.jpg 1
Jesse_Jackson/Jesse_Jackson_0005.jpg Jesse_Jackson/Jesse_Jackson_0008.jpg 1
Jesse_Jackson/Jesse_Jackson_0007.jpg Jesse_Jackson/Jesse_Jackson_0008.jpg 1
Jesse_James_Leija/Jesse_James_Leija_0001.jpg Jesse_James_Leija/Jesse_James_Leija_0002.jpg 1
Jesse_Ventura/Jesse_Ventura_0002.jpg Jesse_Ventura/Jesse_Ventura_0003.jpg 1
Jia_Qinglin/Jia_Qinglin_0001.jpg Jia_Qinglin/Jia_Qinglin_0002.jpg 1
Jim_Tressel/Jim_Tressel_0001.jpg Jim_Tressel/Jim_Tressel_0002.jpg 1
Jim_Tressel/Jim_Tressel_0001.jpg Jim_Tressel/Jim_Tressel_0004.jpg 1
Jim_Tressel/Jim_Tressel_0002.jpg Jim_Tressel/Jim_Tressel_0004.jpg 1
Joan_Laporta/Joan_Laporta_0001.jpg Joan_Laporta/Joan_Laporta_0006.jpg 1
Joan_Laporta/Joan_Laporta_0006.jpg Joan_Laporta/Joan_Laporta_0007.jpg 1
Joan_Laporta/Joan_Laporta_0006.jpg Joan_Laporta/Joan_Laporta_0008.jpg 1
Joe_Dumars/Joe_Dumars_0001.jpg Joe_Dumars/Joe_Dumars_0002.jpg 1
John_Ashcroft/John_Ashcroft_0003.jpg John_Ashcroft/John_Ashcroft_0005.jpg 1
John_Ashcroft/John_Ashcroft_0013.jpg John_Ashcroft/John_Ashcroft_0034.jpg 1
John_Ashcroft/John_Ashcroft_0042.jpg John_Ashcroft/John_Ashcroft_0043.jpg 1
John_Bolton/John_Bolton_0006.jpg John_Bolton/John_Bolton_0007.jpg 1
John_Bolton/John_Bolton_0011.jpg John_Bolton/John_Bolton_0016.jpg 1
John_Swofford/John_Swofford_0001.jpg John_Swofford/John_Swofford_0002.jpg 1
John_Swofford/John_Swofford_0001.jpg John_Swofford/John_Swofford_0003.jpg 1
John_Timoney/John_Timoney_0001.jpg John_Timoney/John_Timoney_0002.jpg 1
Jon_Gruden/Jon_Gruden_0001.jpg Jon_Gruden/Jon_Gruden_0002.jpg 1
Jon_Gruden/Jon_Gruden_0002.jpg Jon_Gruden/Jon_Gruden_0005.jpg 1
Jon_Gruden/Jon_Gruden_0003.jpg Jon_Gruden/Jon_Gruden_0006.jpg 1
Jon_Gruden/Jon_Gruden_0003.jpg Jon_Gruden/Jon_Gruden_0007.jpg 1
Julie_Taymor/Julie_Taymor_0001.jpg Julie_Taymor/Julie_Taymor_0002.jpg 1
Kamal_Kharrazi/Kamal_Kharrazi_0001.jpg Kamal_Kharrazi/Kamal_Kharrazi_0005.jpg 1
Kamal_Kharrazi/Kamal_Kharrazi_0002.jpg Kamal_Kharrazi/Kamal_Kharrazi_0003.jpg 1
Kamal_Kharrazi/Kamal_Kharrazi_0002.jpg Kamal_Kharrazi/Kamal_Kharrazi_0006.jpg 1
Karin_Stoiber/Karin_Stoiber_0001.jpg Karin_Stoiber/Karin_Stoiber_0002.jpg 1
Kim_Yong-il/Kim_Yong-il_0001.jpg Kim_Yong-il/Kim_Yong-il_0002.jpg 1
Kim_Yong-il/Kim_Yong-il_0001.jpg Kim_Yong-il/Kim_Yong-il_0003.jpg 1
Kimi_Raikkonen/Kimi_Raikkonen_0001.jpg Kimi_Raikkonen/Kimi_Raikkonen_0003.jpg 1
Kimi_Raikkonen/Kimi_Raikkonen_0002.jpg Kimi_Raikkonen/Kimi_Raikkonen_0003.jpg 1
Kjell_Magne_Bondevik/Kjell_Magne_Bondevik_0001.jpg Kjell_Magne_Bondevik/Kjell_Magne_Bondevik_0003.jpg 1
Kobe_Bryant/Kobe_Bryant_0001.jpg Kobe_Bryant/Kobe_Bryant_0002.jpg 1
Kurt_Warner/Kurt_Warner_0001.jpg Kurt_Warner/Kurt_Warner_0002.jpg 1
Kurt_Warner/Kurt_Warner_0001.jpg Kurt_Warner/Kurt_Warner_0004.jpg 1
Kurt_Warner/Kurt_Warner_0002.jpg Kurt_Warner/Kurt_Warner_0004.jpg 1
Kurt_Warner/Kurt_Warner_0003.jpg Kurt_Warner/Kurt_Warner_0005.jpg 1
Kwon_Yang-sook/Kwon_Yang-sook_0001.jpg Kwon_Yang-sook/Kwon_Yang-sook_0003.jpg 1
Kwon_Yang-sook/Kwon_Yang-sook_0002.jpg Kwon_Yang-sook/Kwon_Yang-sook_0003.jpg 1
Lee_Jun/Lee_Jun_0001.jpg Lee_Jun/Lee_Jun_0002.jpg 1
Leonid_Kuchma/Leonid_Kuchma_0001.jpg Leonid_Kuchma/Leonid_Kuchma_0002.jpg 1
Leonid_Kuchma/Leonid_Kuchma_0001.jpg Leonid_Kuchma/Leonid_Kuchma_0003.jpg 1
Leonid_Kuchma/Leonid_Kuchma_0002.jpg Leonid_Kuchma/Leonid_Kuchma_0003.jpg 1
Leonid_Kuchma/Leonid_Kuchma_0002.jpg Leonid_Kuchma/Leonid_Kuchma_0005.jpg 1
Leonid_Kuchma/Leonid_Kuchma_0004.jpg Leonid_Kuchma/Leonid_Kuchma_0005.jpg 1
Lina_Krasnoroutskaya/Lina_Krasnoroutskaya_0001.jpg Lina_Krasnoroutskaya/Lina_Krasnoroutskaya_0002.jpg 1
Lisa_Raymond/Lisa_Raymond_0001.jpg Lisa_Raymond/Lisa_Raymond_0002.jpg 1
Lord_Hutton/Lord_Hutton_0001.jpg Lord_Hutton/Lord_Hutton_0002.jpg 1
Luiz_Felipe_Scolari/Luiz_Felipe_Scolari_0001.jpg Luiz_Felipe_Scolari/Luiz_Felipe_Scolari_0002.jpg 1
Lynn_Redgrave/Lynn_Redgrave_0002.jpg Lynn_Redgrave/Lynn_Redgrave_0003.jpg 1
Magdalena_Maleeva/Magdalena_Maleeva_0001.jpg Magdalena_Maleeva/Magdalena_Maleeva_0002.jpg 1
Magdalena_Maleeva/Magdalena_Maleeva_0001.jpg Magdalena_Maleeva/Magdalena_Maleeva_0003.jpg 1
Magdalena_Maleeva/Magdalena_Maleeva_0002.jpg Magdalena_Maleeva/Magdalena_Maleeva_0003.jpg 1
Marcelo_Ebrard/Marcelo_Ebrard_0001.jpg Marcelo_Ebrard/Marcelo_Ebrard_0002.jpg 1
Marcelo_Ebrard/Marcelo_Ebrard_0001.jpg Marcelo_Ebrard/Marcelo_Ebrard_0003.jpg 1
Marcelo_Rios/Marcelo_Rios_0001.jpg Marcelo_Rios/Marcelo_Rios_0003.jpg 1
Marcelo_Rios/Marcelo_Rios_0001.jpg Marcelo_Rios/Marcelo_Rios_0004.jpg 1
Marcelo_Rios/Marcelo_Rios_0002.jpg Marcelo_Rios/Marcelo_Rios_0003.jpg 1
Marcelo_Rios/Marcelo_Rios_0003.jpg Marcelo_Rios/Marcelo_Rios_0004.jpg 1
Marcelo_Rios/Marcelo_Rios_0003.jpg Marcelo_Rios/Marcelo_Rios_0005.jpg 1
Maria_Shriver/Maria_Shriver_0001.jpg Maria_Shriver/Maria_Shriver_0007.jpg 1
Maria_Shriver/Maria_Shriver_0001.jpg Maria_Shriver/Maria_Shriver_0008.jpg 1
Maria_Shriver/Maria_Shriver_0002.jpg Maria_Shriver/Maria_Shriver_0006.jpg 1
Maria_Shriver/Maria_Shriver_0002.jpg Maria_Shriver/Maria_Shriver_0008.jpg 1
Maria_Shriver/Maria_Shriver_0003.jpg Maria_Shriver/Maria_Shriver_0008.jpg 1
Marilyn_Monroe/Marilyn_Monroe_0001.jpg Marilyn_Monroe/Marilyn_Monroe_0002.jpg 1
Mario_Cipollini/Mario_Cipollini_0001.jpg Mario_Cipollini/Mario_Cipollini_0002.jpg 1
Mark_Hurlbert/Mark_Hurlbert_0001.jpg Mark_Hurlbert/Mark_Hurlbert_0005.jpg 1
Mark_Hurlbert/Mark_Hurlbert_0002.jpg Mark_Hurlbert/Mark_Hurlbert_0003.jpg 1
Mark_Hurlbert/Mark_Hurlbert_0002.jpg Mark_Hurlbert/Mark_Hurlbert_0004.jpg 1
Martin_Scorsese/Martin_Scorsese_0002.jpg Martin_Scorsese/Martin_Scorsese_0005.jpg 1
Martin_Scorsese/Martin_Scorsese_0003.jpg Martin_Scorsese/Martin_Scorsese_0004.jpg 1
Marwan_Barghouthi/Marwan_Barghouthi_0001.jpg Marwan_Barghouthi/Marwan_Barghouthi_0002.jpg 1
Michael_Bloomberg/Michael_Bloomberg_0001.jpg Michael_Bloomberg/Michael_Bloomberg_0012.jpg 1
Michael_Bloomberg/Michael_Bloomberg_0003.jpg Michael_Bloomberg/Michael_Bloomberg_0005.jpg 1
Michael_Bloomberg/Michael_Bloomberg_0007.jpg Michael_Bloomberg/Michael_Bloomberg_0011.jpg 1
Michael_Bloomberg/Michael_Bloomberg_0011.jpg Michael_Bloomberg/Michael_Bloomberg_0013.jpg 1
Michael_Chang/Michael_Chang_0001.jpg Michael_Chang/Michael_Chang_0003.jpg 1
Michael_Chang/Michael_Chang_0005.jpg Michael_Chang/Michael_Chang_0006.jpg 1
Michael_Jackson/Michael_Jackson_0001.jpg Michael_Jackson/Michael_Jackson_0006.jpg 1
Michael_Jackson/Michael_Jackson_0002.jpg Michael_Jackson/Michael_Jackson_0003.jpg 1
Michael_Jackson/Michael_Jackson_0002.jpg Michael_Jackson/Michael_Jackson_0011.jpg 1
Michael_Jackson/Michael_Jackson_0002.jpg Michael_Jackson/Michael_Jackson_0012.jpg 1
Michael_Jackson/Michael_Jackson_0011.jpg Michael_Jackson/Michael_Jackson_0012.jpg 1
Michael_Patrick_King/Michael_Patrick_King_0001.jpg Michael_Patrick_King/Michael_Patrick_King_0002.jpg 1
Michelle_Rodriguez/Michelle_Rodriguez_0001.jpg Michelle_Rodriguez/Michelle_Rodriguez_0002.jpg 1
Mike_Babcock/Mike_Babcock_0001.jpg Mike_Babcock/Mike_Babcock_0002.jpg 1
Mike_Martz/Mike_Martz_0001.jpg Mike_Martz/Mike_Martz_0003.jpg 1
Mike_Scioscia/Mike_Scioscia_0001.jpg Mike_Scioscia/Mike_Scioscia_0002.jpg 1
Mikulas_Dzurinda/Mikulas_Dzurinda_0001.jpg Mikulas_Dzurinda/Mikulas_Dzurinda_0002.jpg 1
Miroljub/Miroljub_0001.jpg Miroljub/Miroljub_0002.jpg 1
Nasser_al-Kidwa/Nasser_al-Kidwa_0001.jpg Nasser_al-Kidwa/Nasser_al-Kidwa_0002.jpg 1
Nick_Nolte/Nick_Nolte_0001.jpg Nick_Nolte/Nick_Nolte_0002.jpg 1
Nick_Nolte/Nick_Nolte_0001.jpg Nick_Nolte/Nick_Nolte_0003.jpg 1
Nick_Nolte/Nick_Nolte_0001.jpg Nick_Nolte/Nick_Nolte_0005.jpg 1
Nick_Nolte/Nick_Nolte_0002.jpg Nick_Nolte/Nick_Nolte_0004.jpg 1
Nick_Nolte/Nick_Nolte_0003.jpg Nick_Nolte/Nick_Nolte_0004.jpg 1
OJ_Simpson/OJ_Simpson_0001.jpg OJ_Simpson/OJ_Simpson_0002.jpg 1
Oprah_Winfrey/Oprah_Winfrey_0001.jpg Oprah_Winfrey/Oprah_Winfrey_0002.jpg 1
Oprah_Winfrey/Oprah_Winfrey_0002.jpg Oprah_Winfrey/Oprah_Winfrey_0003.jpg 1
Orlando_Bloom/Orlando_Bloom_0002.jpg Orlando_Bloom/Orlando_Bloom_0003.jpg 1
Ozzy_Osbourne/Ozzy_Osbourne_0001.jpg Ozzy_Osbourne/Ozzy_Osbourne_0003.jpg 1
Paul_Coppin/Paul_Coppin_0001.jpg Paul_Coppin/Paul_Coppin_0002.jpg 1
Paul_Martin/Paul_Martin_0001.jpg Paul_Martin/Paul_Martin_0006.jpg 1
Paul_Martin/Paul_Martin_0001.jpg Paul_Martin/Paul_Martin_0007.jpg 1
Paul_McNulty/Paul_McNulty_0001.jpg Paul_McNulty/Paul_McNulty_0002.jpg 1
Paul_ONeill/Paul_ONeill_0001.jpg Paul_ONeill/Paul_ONeill_0003.jpg 1
Paul_ONeill/Paul_ONeill_0005.jpg Paul_ONeill/Paul_ONeill_0007.jpg 1
Paul_Patton/Paul_Patton_0001.jpg Paul_Patton/Paul_Patton_0002.jpg 1
Paula_Zahn/Paula_Zahn_0001.jpg Paula_Zahn/Paula_Zahn_0002.jpg 1
Pierce_Brosnan/Pierce_Brosnan_0001.jpg Pierce_Brosnan/Pierce_Brosnan_0005.jpg 1
Pierce_Brosnan/Pierce_Brosnan_0003.jpg Pierce_Brosnan/Pierce_Brosnan_0007.jpg 1
Pierce_Brosnan/Pierce_Brosnan_0006.jpg Pierce_Brosnan/Pierce_Brosnan_0009.jpg 1
Pierce_Brosnan/Pierce_Brosnan_0009.jpg Pierce_Brosnan/Pierce_Brosnan_0014.jpg 1
Pierre_Pettigrew/Pierre_Pettigrew_0001.jpg Pierre_Pettigrew/Pierre_Pettigrew_0003.jpg 1
Ralf_Schumacher/Ralf_Schumacher_0005.jpg Ralf_Schumacher/Ralf_Schumacher_0008.jpg 1
Ricky_Barnes/Ricky_Barnes_0001.jpg Ricky_Barnes/Ricky_Barnes_0002.jpg 1
Rita_Wilson/Rita_Wilson_0001.jpg Rita_Wilson/Rita_Wilson_0004.jpg 1
Rob_Schneider/Rob_Schneider_0001.jpg Rob_Schneider/Rob_Schneider_0002.jpg 1
Robbie_Fowler/Robbie_Fowler_0001.jpg Robbie_Fowler/Robbie_Fowler_0002.jpg 1
Robert_Blake/Robert_Blake_0001.jpg Robert_Blake/Robert_Blake_0003.jpg 1
Robert_Blake/Robert_Blake_0001.jpg Robert_Blake/Robert_Blake_0004.jpg 1
Robert_Blake/Robert_Blake_0005.jpg Robert_Blake/Robert_Blake_0006.jpg 1
Rogerio_Romero/Rogerio_Romero_0001.jpg Rogerio_Romero/Rogerio_Romero_0002.jpg 1
Rupert_Grint/Rupert_Grint_0001.jpg Rupert_Grint/Rupert_Grint_0003.jpg 1
Salman_Rushdie/Salman_Rushdie_0001.jpg Salman_Rushdie/Salman_Rushdie_0003.jpg 1
Salman_Rushdie/Salman_Rushdie_0002.jpg Salman_Rushdie/Salman_Rushdie_0003.jpg 1
Scott_Sullivan/Scott_Sullivan_0001.jpg Scott_Sullivan/Scott_Sullivan_0002.jpg 1
Scott_Wolf/Scott_Wolf_0001.jpg Scott_Wolf/Scott_Wolf_0002.jpg 1
Sepp_Blatter/Sepp_Blatter_0001.jpg Sepp_Blatter/Sepp_Blatter_0002.jpg 1
Sepp_Blatter/Sepp_Blatter_0001.jpg Sepp_Blatter/Sepp_Blatter_0003.jpg 1
Sepp_Blatter/Sepp_Blatter_0002.jpg Sepp_Blatter/Sepp_Blatter_0003.jpg 1
Simon_Cowell/Simon_Cowell_0001.jpg Simon_Cowell/Simon_Cowell_0002.jpg 1
Slobodan_Milosevic/Slobodan_Milosevic_0001.jpg Slobodan_Milosevic/Slobodan_Milosevic_0003.jpg 1
Slobodan_Milosevic/Slobodan_Milosevic_0002.jpg Slobodan_Milosevic/Slobodan_Milosevic_0003.jpg 1
Slobodan_Milosevic/Slobodan_Milosevic_0003.jpg Slobodan_Milosevic/Slobodan_Milosevic_0004.jpg 1
Stacy_Dragila/Stacy_Dragila_0001.jpg Stacy_Dragila/Stacy_Dragila_0002.jpg 1
Stephen_Ambrose/Stephen_Ambrose_0001.jpg Stephen_Ambrose/Stephen_Ambrose_0002.jpg 1
Stephen_Daldry/Stephen_Daldry_0001.jpg Stephen_Daldry/Stephen_Daldry_0002.jpg 1
Stephen_Friedman/Stephen_Friedman_0001.jpg Stephen_Friedman/Stephen_Friedman_0002.jpg 1
Theo_Epstein/Theo_Epstein_0001.jpg Theo_Epstein/Theo_Epstein_0002.jpg 1
Thomas_Wyman/Thomas_Wyman_0001.jpg Thomas_Wyman/Thomas_Wyman_0002.jpg 1
Tim_Floyd/Tim_Floyd_0001.jpg Tim_Floyd/Tim_Floyd_0002.jpg 1
Tom_Watson/Tom_Watson_0001.jpg Tom_Watson/Tom_Watson_0003.jpg 1
Tom_Watson/Tom_Watson_0002.jpg Tom_Watson/Tom_Watson_0003.jpg 1
Tommy_Robredo/Tommy_Robredo_0001.jpg Tommy_Robredo/Tommy_Robredo_0003.jpg 1
Tommy_Robredo/Tommy_Robredo_0002.jpg Tommy_Robredo/Tommy_Robredo_0003.jpg 1
Tony_Parker/Tony_Parker_0001.jpg Tony_Parker/Tony_Parker_0002.jpg 1
Tony_Stewart/Tony_Stewart_0001.jpg Tony_Stewart/Tony_Stewart_0006.jpg 1
Tony_Stewart/Tony_Stewart_0002.jpg Tony_Stewart/Tony_Stewart_0003.jpg 1
Tony_Stewart/Tony_Stewart_0004.jpg Tony_Stewart/Tony_Stewart_0005.jpg 1
Tony_Stewart/Tony_Stewart_0004.jpg Tony_Stewart/Tony_Stewart_0006.jpg 1
Vladimir_Voltchkov/Vladimir_Voltchkov_0001.jpg Vladimir_Voltchkov/Vladimir_Voltchkov_0002.jpg 1
Wang_Yi/Wang_Yi_0001.jpg Wang_Yi/Wang_Yi_0002.jpg 1
Zafarullah_Khan_Jamali/Zafarullah_Khan_Jamali_0001.jpg Zafarullah_Khan_Jamali/Zafarullah_Khan_Jamali_0002.jpg 1
Zhu_Rongji/Zhu_Rongji_0001.jpg Zhu_Rongji/Zhu_Rongji_0003.jpg 1
Zhu_Rongji/Zhu_Rongji_0002.jpg Zhu_Rongji/Zhu_Rongji_0008.jpg 1
Abdel_Madi_Shabneh/Abdel_Madi_Shabneh_0001.jpg Dean_Barker/Dean_Barker_0001.jpg 0
Abdel_Madi_Shabneh/Abdel_Madi_Shabneh_0001.jpg Giancarlo_Fisichella/Giancarlo_Fisichella_0001.jpg 0
Abdel_Madi_Shabneh/Abdel_Madi_Shabneh_0001.jpg Mikhail_Gorbachev/Mikhail_Gorbachev_0001.jpg 0
Abdul_Rahman/Abdul_Rahman_0001.jpg Portia_de_Rossi/Portia_de_Rossi_0001.jpg 0
Abel_Pacheco/Abel_Pacheco_0001.jpg Jong_Thae_Hwa/Jong_Thae_Hwa_0002.jpg 0
Abel_Pacheco/Abel_Pacheco_0002.jpg Jean-Francois_Lemounier/Jean-Francois_Lemounier_0001.jpg 0
Afton_Smith/Afton_Smith_0001.jpg Dwayne_Wade/Dwayne_Wade_0001.jpg 0
Ahmad_Jbarah/Ahmad_Jbarah_0001.jpg James_Comey/James_Comey_0001.jpg 0
Akhmed_Zakayev/Akhmed_Zakayev_0002.jpg Donna_Morrissey/Donna_Morrissey_0001.jpg 0
Alan_Dershowitz/Alan_Dershowitz_0001.jpg Bertrand_Bonello/Bertrand_Bonello_0001.jpg 0
Alanis_Morissette/Alanis_Morissette_0001.jpg Martin_Cauchon/Martin_Cauchon_0001.jpg 0
Alexander_Lukashenko/Alexander_Lukashenko_0001.jpg Heather_Chinnock/Heather_Chinnock_0001.jpg 0
Alfonso_Cuaron/Alfonso_Cuaron_0001.jpg Jason_Priestley/Jason_Priestley_0001.jpg 0
Alfonso_Cuaron/Alfonso_Cuaron_0001.jpg Patty_Schnyder/Patty_Schnyder_0002.jpg 0
Alfonso_Soriano/Alfonso_Soriano_0001.jpg Bill_Nelson/Bill_Nelson_0002.jpg 0
Alfonso_Soriano/Alfonso_Soriano_0001.jpg Julio_De_Brun/Julio_De_Brun_0001.jpg 0
Alfonso_Soriano/Alfonso_Soriano_0001.jpg Patty_Schnyder/Patty_Schnyder_0003.jpg 0
Alonzo_Mourning/Alonzo_Mourning_0001.jpg Cecilia_Cheung/Cecilia_Cheung_0001.jpg 0
Amber_Tamblyn/Amber_Tamblyn_0002.jpg Benjamin_Netanyahu/Benjamin_Netanyahu_0001.jpg 0
Amporn_Falise/Amporn_Falise_0001.jpg Joe_Pantoliano/Joe_Pantoliano_0001.jpg 0
Anders_Fogh_Rasmussen/Anders_Fogh_Rasmussen_0002.jpg Johnson_Panjaitan/Johnson_Panjaitan_0002.jpg 0
Andre_Bucher/Andre_Bucher_0001.jpg Joseph_Ralston/Joseph_Ralston_0001.jpg 0
Andre_Bucher/Andre_Bucher_0001.jpg Maria_Garcia/Maria_Garcia_0001.jpg 0
Andrew_Gilligan/Andrew_Gilligan_0001.jpg Henry_Castellanos/Henry_Castellanos_0001.jpg 0
Andrew_Shutley/Andrew_Shutley_0001.jpg Edmund_Stoiber/Edmund_Stoiber_0005.jpg 0
Andrew_Shutley/Andrew_Shutley_0001.jpg Mitchell_Swartz/Mitchell_Swartz_0001.jpg 0
Andrew_Shutley/Andrew_Shutley_0001.jpg Saeb_Erekat/Saeb_Erekat_0002.jpg 0
Andy_Dick/Andy_Dick_0001.jpg Simon_Yam/Simon_Yam_0001.jpg 0
Andy_Griffith/Andy_Griffith_0001.jpg Osrat_Iosef/Osrat_Iosef_0001.jpg 0
Andy_Wisecarver/Andy_Wisecarver_0001.jpg Dimitar_Berbatov/Dimitar_Berbatov_0001.jpg 0
Angela_Lansbury/Angela_Lansbury_0001.jpg Steven_Van_Zandt/Steven_Van_Zandt_0001.jpg 0
Angela_Lansbury/Angela_Lansbury_0002.jpg John_Coomber/John_Coomber_0001.jpg 0
Ann_Veneman/Ann_Veneman_0006.jpg Sergio_Garcia/Sergio_Garcia_0002.jpg 0
Ann_Veneman/Ann_Veneman_0008.jpg Ted_Williams/Ted_Williams_0001.jpg 0
Annie-Jeanne_Reynaud/Annie-Jeanne_Reynaud_0001.jpg SJ_Twu/SJ_Twu_0001.jpg 0
Anthony_Carter/Anthony_Carter_0001.jpg Eliza_Dushku/Eliza_Dushku_0001.jpg 0
Antonio_Cassano/Antonio_Cassano_0001.jpg Paul_Celluci/Paul_Celluci_0001.jpg 0
Anwar_Ibrahim/Anwar_Ibrahim_0001.jpg David_Alpay/David_Alpay_0001.jpg 0
Armand_Sargen/Armand_Sargen_0001.jpg Daryl_Sabara/Daryl_Sabara_0001.jpg 0
Armand_Sargen/Armand_Sargen_0001.jpg Kelvin_Sampson/Kelvin_Sampson_0003.jpg 0
Armand_Sargen/Armand_Sargen_0001.jpg Lisa_Gottsegen/Lisa_Gottsegen_0002.jpg 0
Atom_Egoyan/Atom_Egoyan_0001.jpg Bill_Stapleton/Bill_Stapleton_0001.jpg 0
Atom_Egoyan/Atom_Egoyan_0001.jpg Janis_Ruth_Coulter/Janis_Ruth_Coulter_0001.jpg 0
Barbara_Brezigar/Barbara_Brezigar_0002.jpg Doris_Roberts/Doris_Roberts_0002.jpg 0
Barbara_Felt-Miller/Barbara_Felt-Miller_0001.jpg Leticia_Dolera/Leticia_Dolera_0001.jpg 0
Bart_Freundlich/Bart_Freundlich_0001.jpg Ernie_Grunfeld/Ernie_Grunfeld_0001.jpg 0
Bart_Freundlich/Bart_Freundlich_0001.jpg Kirsten_Gilham/Kirsten_Gilham_0001.jpg 0
Benjamin_Martinez/Benjamin_Martinez_0001.jpg Garry_McCoy/Garry_McCoy_0001.jpg 0
Benjamin_Netanyahu/Benjamin_Netanyahu_0001.jpg Maria_Callas/Maria_Callas_0001.jpg 0
Benjamin_Netanyahu/Benjamin_Netanyahu_0005.jpg Frank_Beamer/Frank_Beamer_0001.jpg 0
Bernard_Law/Bernard_Law_0001.jpg Liu_Xiaoqing/Liu_Xiaoqing_0001.jpg 0
Bernard_Law/Bernard_Law_0003.jpg Valerie_Harper/Valerie_Harper_0002.jpg 0
Bertrand_Bonello/Bertrand_Bonello_0001.jpg Jong_Thae_Hwa/Jong_Thae_Hwa_0002.jpg 0
Bill_Bradley/Bill_Bradley_0001.jpg Chen_Tsai-chin/Chen_Tsai-chin_0001.jpg 0
Bill_Bradley/Bill_Bradley_0001.jpg Helen_Alvare/Helen_Alvare_0001.jpg 0
Bill_Elliott/Bill_Elliott_0001.jpg Mary_Anne_Souza/Mary_Anne_Souza_0001.jpg 0
Bill_Frist/Bill_Frist_0005.jpg Jimmy_Kimmel/Jimmy_Kimmel_0002.jpg 0
Bill_Maher/Bill_Maher_0001.jpg Brad_Russ/Brad_Russ_0001.jpg 0
Bill_Maher/Bill_Maher_0001.jpg Juliette_Binoche/Juliette_Binoche_0001.jpg 0
Bill_Nelson/Bill_Nelson_0001.jpg Kim_Jong-Il/Kim_Jong-Il_0003.jpg 0
Bill_Nelson/Bill_Nelson_0002.jpg Gillian_Anderson/Gillian_Anderson_0001.jpg 0
Bill_Stapleton/Bill_Stapleton_0001.jpg Sedigh_Barmak/Sedigh_Barmak_0001.jpg 0
Bill_Stapleton/Bill_Stapleton_0001.jpg Valerie_Harper/Valerie_Harper_0001.jpg 0
Billy_Bob_Thornton/Billy_Bob_Thornton_0001.jpg Herb_Dhaliwal/Herb_Dhaliwal_0001.jpg 0
Billy_Bob_Thornton/Billy_Bob_Thornton_0001.jpg Nong_Duc_Manh/Nong_Duc_Manh_0001.jpg 0
Bob_Alper/Bob_Alper_0001.jpg Kevin_Millwood/Kevin_Millwood_0001.jpg 0
Bob_Graham/Bob_Graham_0002.jpg Dwayne_Wade/Dwayne_Wade_0001.jpg 0
Bob_Petrino/Bob_Petrino_0001.jpg Geraldine_Chaplin/Geraldine_Chaplin_0004.jpg 0
Bob_Petrino/Bob_Petrino_0001.jpg Jorge_Castaneda/Jorge_Castaneda_0001.jpg 0
Boris_Becker/Boris_Becker_0004.jpg Julianna_Margulies/Julianna_Margulies_0002.jpg 0
Brad_Russ/Brad_Russ_0001.jpg Hana_Urushima/Hana_Urushima_0001.jpg 0
Brad_Russ/Brad_Russ_0001.jpg Romeo_Gigli/Romeo_Gigli_0001.jpg 0
Brawley_King/Brawley_King_0001.jpg Tom_Glavine/Tom_Glavine_0002.jpg 0
Brian_Griese/Brian_Griese_0002.jpg Jeffrey_Archer/Jeffrey_Archer_0002.jpg 0
Brian_Griese/Brian_Griese_0002.jpg Laura_Elena_Harring/Laura_Elena_Harring_0001.jpg 0
Brian_Griese/Brian_Griese_0002.jpg Nicolas_Lapentti/Nicolas_Lapentti_0002.jpg 0
Bryan_Adams/Bryan_Adams_0001.jpg Michael_Kors/Michael_Kors_0001.jpg 0
Bryan_Adams/Bryan_Adams_0001.jpg Mohamed_Seineldin/Mohamed_Seineldin_0001.jpg 0
Calbert_Cheaney/Calbert_Cheaney_0001.jpg Ian_Smith/Ian_Smith_0001.jpg 0
Calbert_Cheaney/Calbert_Cheaney_0001.jpg Robert_Downey_Jr/Robert_Downey_Jr_0001.jpg 0
Carl_Reiner/Carl_Reiner_0001.jpg Hamid_Efendi/Hamid_Efendi_0001.jpg 0
Carl_Reiner/Carl_Reiner_0002.jpg John_Engler/John_Engler_0001.jpg 0
Carl_Reiner/Carl_Reiner_0002.jpg Prince_Rainier_III/Prince_Rainier_III_0001.jpg 0
Carl_Reiner/Carl_Reiner_0002.jpg Tom_Glavine/Tom_Glavine_0002.jpg 0
Carlo_Azeglio_Ciampi/Carlo_Azeglio_Ciampi_0001.jpg Francis_Ford_Coppola/Francis_Ford_Coppola_0001.jpg 0
Carlos_Arroyo/Carlos_Arroyo_0001.jpg Shane_Phillips/Shane_Phillips_0001.jpg 0
Carlos_Paternina/Carlos_Paternina_0001.jpg Emily_Stevens/Emily_Stevens_0001.jpg 0
Carlos_Paternina/Carlos_Paternina_0001.jpg Paul_Sarbanes/Paul_Sarbanes_0001.jpg 0
Casey_Mears/Casey_Mears_0001.jpg Mike_Davis/Mike_Davis_0001.jpg 0
Casey_Mears/Casey_Mears_0001.jpg Yukiko_Okudo/Yukiko_Okudo_0001.jpg 0
Cathy_Freeman/Cathy_Freeman_0002.jpg William_Martin/William_Martin_0002.jpg 0
Cecilia_Cheung/Cecilia_Cheung_0001.jpg Daryl_Parks/Daryl_Parks_0001.jpg 0
Cecilia_Cheung/Cecilia_Cheung_0001.jpg Pascal_Affi_Nguessan/Pascal_Affi_Nguessan_0001.jpg 0
Chen_Tsai-chin/Chen_Tsai-chin_0001.jpg Dereck_Whittenburg/Dereck_Whittenburg_0001.jpg 0
Chen_Tsai-chin/Chen_Tsai-chin_0001.jpg Mamdouh_Habib/Mamdouh_Habib_0001.jpg 0
Cho_Myung-kyun/Cho_Myung-kyun_0001.jpg David_Bell/David_Bell_0001.jpg 0
Cho_Myung-kyun/Cho_Myung-kyun_0001.jpg Fernando_Sanz/Fernando_Sanz_0001.jpg 0
Cho_Myung-kyun/Cho_Myung-kyun_0001.jpg Georgia_Giddings/Georgia_Giddings_0001.jpg 0
Cho_Myung-kyun/Cho_Myung-kyun_0001.jpg Richard_Fine/Richard_Fine_0001.jpg 0
Choi_Yun-yong/Choi_Yun-yong_0001.jpg Chuck_Eidson/Chuck_Eidson_0001.jpg 0
Chris_Dodd/Chris_Dodd_0001.jpg Taylor_Twellman/Taylor_Twellman_0001.jpg 0
Chris_Swecker/Chris_Swecker_0001.jpg Tom_Vilsack/Tom_Vilsack_0001.jpg 0
Christian_Lacroix/Christian_Lacroix_0001.jpg Laura_Elena_Harring/Laura_Elena_Harring_0001.jpg 0
Christian_Lacroix/Christian_Lacroix_0001.jpg Ornella_Muti/Ornella_Muti_0001.jpg 0
Chuck_Eidson/Chuck_Eidson_0001.jpg Sigourney_Weaver/Sigourney_Weaver_0001.jpg 0
Clare_Short/Clare_Short_0004.jpg Don_Carcieri/Don_Carcieri_0001.jpg 0
Coco_dEste/Coco_dEste_0001.jpg Darvis_Patton/Darvis_Patton_0001.jpg 0
Coco_dEste/Coco_dEste_0001.jpg Melina_Kanakaredes/Melina_Kanakaredes_0001.jpg 0
Coco_dEste/Coco_dEste_0001.jpg Tom_Rouen/Tom_Rouen_0001.jpg 0
Coleen_Rowley/Coleen_Rowley_0001.jpg Nong_Duc_Manh/Nong_Duc_Manh_0001.jpg 0
Corinne_Coman/Corinne_Coman_0002.jpg Frank_Beamer/Frank_Beamer_0001.jpg 0
Dale_Earnhardt_Jr/Dale_Earnhardt_Jr_0001.jpg Nick_Reilly/Nick_Reilly_0001.jpg 0
Dario_Franchitti/Dario_Franchitti_0001.jpg Henry_Castellanos/Henry_Castellanos_0001.jpg 0
Darren_Campel/Darren_Campel_0001.jpg Hilary_McKay/Hilary_McKay_0001.jpg 0
Darvis_Patton/Darvis_Patton_0001.jpg Gerard_Tronche/Gerard_Tronche_0001.jpg 0
Darvis_Patton/Darvis_Patton_0001.jpg William_Macy/William_Macy_0004.jpg 0
Daryl_Parks/Daryl_Parks_0001.jpg Guus_Hiddink/Guus_Hiddink_0001.jpg 0
Daryl_Sabara/Daryl_Sabara_0001.jpg Nick_Reilly/Nick_Reilly_0001.jpg 0
Daryl_Sabara/Daryl_Sabara_0001.jpg Valentina_Tereshkova/Valentina_Tereshkova_0001.jpg 0
Dave_Johnson/Dave_Johnson_0001.jpg Howard_Stern/Howard_Stern_0001.jpg 0
Dave_Tucker/Dave_Tucker_0001.jpg Gary_Gitnick/Gary_Gitnick_0001.jpg 0
David_Collenette/David_Collenette_0001.jpg Salman_Khan/Salman_Khan_0001.jpg 0
David_Westerfield/David_Westerfield_0001.jpg Stan_Kroenke/Stan_Kroenke_0001.jpg 0
Dean_Jacek/Dean_Jacek_0001.jpg Larry_Wilmore/Larry_Wilmore_0001.jpg 0
Demi_Moore/Demi_Moore_0002.jpg Fred_Thompson/Fred_Thompson_0001.jpg 0
Demi_Moore/Demi_Moore_0002.jpg Linus_Roache/Linus_Roache_0001.jpg 0
Dereck_Whittenburg/Dereck_Whittenburg_0001.jpg Lindsey_Graham/Lindsey_Graham_0002.jpg 0
Dianne_Reeves/Dianne_Reeves_0001.jpg Larry_Wilmore/Larry_Wilmore_0001.jpg 0
Dianne_Reeves/Dianne_Reeves_0001.jpg Romeo_Gigli/Romeo_Gigli_0001.jpg 0
Don_Carcieri/Don_Carcieri_0001.jpg Janica_Kostelic/Janica_Kostelic_0001.jpg 0
Dora_Bakoyianni/Dora_Bakoyianni_0001.jpg Richard_Sambrook/Richard_Sambrook_0002.jpg 0
Dora_Bakoyianni/Dora_Bakoyianni_0001.jpg Saeb_Erekat/Saeb_Erekat_0002.jpg 0
Doris_Roberts/Doris_Roberts_0001.jpg Nong_Duc_Manh/Nong_Duc_Manh_0001.jpg 0
Doug_Wilson/Doug_Wilson_0001.jpg Szu_Yu_Chen/Szu_Yu_Chen_0001.jpg 0
Douglas_Gansler/Douglas_Gansler_0001.jpg Martin_Brooke/Martin_Brooke_0001.jpg 0
Douglas_Gansler/Douglas_Gansler_0001.jpg Ronald_Kadish/Ronald_Kadish_0001.jpg 0
Dwayne_Wade/Dwayne_Wade_0001.jpg Mike_Farrar/Mike_Farrar_0001.jpg 0
Edward_Arsenault/Edward_Arsenault_0001.jpg Jim_Hardin/Jim_Hardin_0001.jpg 0
Einars_Repse/Einars_Repse_0001.jpg Minnie_Mendoza/Minnie_Mendoza_0001.jpg 0
Einars_Repse/Einars_Repse_0001.jpg Tim_Blake_Nelson/Tim_Blake_Nelson_0001.jpg 0
Elinor_Caplan/Elinor_Caplan_0001.jpg Hilary_McKay/Hilary_McKay_0001.jpg 0
Eliza_Dushku/Eliza_Dushku_0001.jpg George_Lucas/George_Lucas_0001.jpg 0
Eliza_Dushku/Eliza_Dushku_0001.jpg Itzhak_Perlman/Itzhak_Perlman_0001.jpg 0
Emily_Stevens/Emily_Stevens_0001.jpg Janez_Drnovsek/Janez_Drnovsek_0001.jpg 0
Emmanuelle_Beart/Emmanuelle_Beart_0002.jpg Phil_Jackson/Phil_Jackson_0001.jpg 0
Eric_Daze/Eric_Daze_0001.jpg Sterling_Hitchcock/Sterling_Hitchcock_0001.jpg 0
Erika_Christensen/Erika_Christensen_0002.jpg Michael_Dell/Michael_Dell_0001.jpg 0
Erika_Christensen/Erika_Christensen_0002.jpg Woody_Allen/Woody_Allen_0002.jpg 0
Eriko_Tamura/Eriko_Tamura_0001.jpg Georgia_Giddings/Georgia_Giddings_0001.jpg 0
Ernie_Grunfeld/Ernie_Grunfeld_0001.jpg Frank_Coraci/Frank_Coraci_0001.jpg 0
Eugene_Melnyk/Eugene_Melnyk_0001.jpg Mahima_Chaudhari/Mahima_Chaudhari_0001.jpg 0
Fatma_Kusibeh/Fatma_Kusibeh_0001.jpg Lee_Baca/Lee_Baca_0001.jpg 0
Federico_Trillo/Federico_Trillo_0001.jpg Jonathan_Woodgate/Jonathan_Woodgate_0001.jpg 0
Fernando_Alonso/Fernando_Alonso_0001.jpg Sam_Brownback/Sam_Brownback_0001.jpg 0
Fernando_Sanz/Fernando_Sanz_0001.jpg Miranda_Otto/Miranda_Otto_0001.jpg 0
Fernando_Sanz/Fernando_Sanz_0001.jpg Roy_Moore/Roy_Moore_0001.jpg 0
Flor_Montulo/Flor_Montulo_0002.jpg Juan_Pablo_Montoya/Juan_Pablo_Montoya_0001.jpg 0
Francisco_Garcia/Francisco_Garcia_0001.jpg Marsha_Sharp/Marsha_Sharp_0001.jpg 0
Francois_Ozon/Francois_Ozon_0001.jpg Makiya_Ali_Hassan/Makiya_Ali_Hassan_0001.jpg 0
Frank_Coraci/Frank_Coraci_0001.jpg Tomoko_Hagiwara/Tomoko_Hagiwara_0002.jpg 0
Frank_Van_Ecke/Frank_Van_Ecke_0001.jpg Tsutomu_Takebe/Tsutomu_Takebe_0001.jpg 0
Fred_Thompson/Fred_Thompson_0002.jpg Helen_Alvare/Helen_Alvare_0001.jpg 0
Fred_Thompson/Fred_Thompson_0002.jpg Sterling_Hitchcock/Sterling_Hitchcock_0001.jpg 0
Fred_Thompson/Fred_Thompson_0003.jpg Magda_Kertasz/Magda_Kertasz_0001.jpg 0
Garry_Trudeau/Garry_Trudeau_0001.jpg Pat_Riley/Pat_Riley_0001.jpg 0
Garry_Witherall/Garry_Witherall_0001.jpg Howard_Stern/Howard_Stern_0001.jpg 0
Garry_Witherall/Garry_Witherall_0001.jpg Ingrid_Betancourt/Ingrid_Betancourt_0001.jpg 0
Garry_Witherall/Garry_Witherall_0001.jpg Martin_Keown/Martin_Keown_0001.jpg 0
Gary_Gero/Gary_Gero_0001.jpg Kim_Hong-gul/Kim_Hong-gul_0001.jpg 0
Gary_Gero/Gary_Gero_0001.jpg Phil_Gramm/Phil_Gramm_0001.jpg 0
Gavin_Degraw/Gavin_Degraw_0001.jpg Jeffrey_Archer/Jeffrey_Archer_0001.jpg 0
Gene_Robinson/Gene_Robinson_0003.jpg Martha_Bowen/Martha_Bowen_0002.jpg 0
Georgia_Giddings/Georgia_Giddings_0001.jpg Mahima_Chaudhari/Mahima_Chaudhari_0001.jpg 0
Geovani_Lapentti/Geovani_Lapentti_0001.jpg Rodney_Rempt/Rodney_Rempt_0001.jpg 0
Geovani_Lapentti/Geovani_Lapentti_0001.jpg Sam_Brownback/Sam_Brownback_0001.jpg 0
Gerard_de_Cortanze/Gerard_de_Cortanze_0001.jpg Mark_Wahlberg/Mark_Wahlberg_0001.jpg 0
Gian_Marco/Gian_Marco_0002.jpg Kevin_Stallings/Kevin_Stallings_0002.jpg 0
Giancarlo_Fisichella/Giancarlo_Fisichella_0001.jpg Maria_Callas/Maria_Callas_0001.jpg 0
Gideon_Yago/Gideon_Yago_0001.jpg Natalie_Williams/Natalie_Williams_0001.jpg 0
Gideon_Yago/Gideon_Yago_0001.jpg Paul_William_Hurley/Paul_William_Hurley_0001.jpg 0
Glenn_Plummer/Glenn_Plummer_0001.jpg Maria_Garcia/Maria_Garcia_0001.jpg 0
Grant_Hackett/Grant_Hackett_0001.jpg Todd_Robbins/Todd_Robbins_0001.jpg 0
Grant_Hackett/Grant_Hackett_0003.jpg Milo_Djukanovic/Milo_Djukanovic_0003.jpg 0
Gray_Davis/Gray_Davis_0026.jpg Karen_Lynn_Gorney/Karen_Lynn_Gorney_0001.jpg 0
Gregg_Popovich/Gregg_Popovich_0003.jpg Vernon_Forrest/Vernon_Forrest_0001.jpg 0
Gregor_Gysi/Gregor_Gysi_0001.jpg Tomoko_Hagiwara/Tomoko_Hagiwara_0001.jpg 0
Guy_Ritchie/Guy_Ritchie_0002.jpg Herb_Dhaliwal/Herb_Dhaliwal_0001.jpg 0
Guy_Ritchie/Guy_Ritchie_0002.jpg William_Macy/William_Macy_0001.jpg 0
Hamid_Efendi/Hamid_Efendi_0001.jpg Jimmy_Carter/Jimmy_Carter_0008.jpg 0
Hamzah_Haz/Hamzah_Haz_0002.jpg Hilary_McKay/Hilary_McKay_0001.jpg 0
Harald_Ringstorff/Harald_Ringstorff_0001.jpg Pat_Riley/Pat_Riley_0001.jpg 0
Harald_Ringstorff/Harald_Ringstorff_0001.jpg Romano_Prodi/Romano_Prodi_0006.jpg 0
Heather_Chinnock/Heather_Chinnock_0001.jpg Jean-Francois_Lemounier/Jean-Francois_Lemounier_0001.jpg 0
Helen_Alvare/Helen_Alvare_0001.jpg Milo_Djukanovic/Milo_Djukanovic_0001.jpg 0
Henry_Castellanos/Henry_Castellanos_0001.jpg Pamela_Anderson/Pamela_Anderson_0004.jpg 0
Henry_Castellanos/Henry_Castellanos_0001.jpg Tommy_Shane_Steiner/Tommy_Shane_Steiner_0001.jpg 0
Herb_Dhaliwal/Herb_Dhaliwal_0001.jpg Hung_Wan-ting/Hung_Wan-ting_0001.jpg 0
Hilary_McKay/Hilary_McKay_0001.jpg Kevin_Millwood/Kevin_Millwood_0001.jpg 0
Howard_Stern/Howard_Stern_0001.jpg Maria_Callas/Maria_Callas_0001.jpg 0
Hugo_Chavez/Hugo_Chavez_0033.jpg Karen_Lynn_Gorney/Karen_Lynn_Gorney_0001.jpg 0
Hugo_Chavez/Hugo_Chavez_0060.jpg Steve_Shiver/Steve_Shiver_0001.jpg 0
Imam_Samudra/Imam_Samudra_0001.jpg Ivana_Trump/Ivana_Trump_0001.jpg 0
Imelda_Marcos/Imelda_Marcos_0001.jpg Patty_Schnyder/Patty_Schnyder_0004.jpg 0
Jack_Smith/Jack_Smith_0001.jpg Mary_Jo_Myers/Mary_Jo_Myers_0001.jpg 0
James_Caan/James_Caan_0002.jpg Paul_Sarbanes/Paul_Sarbanes_0002.jpg 0
James_Comey/James_Comey_0001.jpg Juan_Carlos_Morales/Juan_Carlos_Morales_0001.jpg 0
James_Comey/James_Comey_0001.jpg Paul_William_Hurley/Paul_William_Hurley_0001.jpg 0
Jamling_Norgay/Jamling_Norgay_0001.jpg Zico/Zico_0002.jpg 0
Jan_Pronk/Jan_Pronk_0001.jpg Kim_Dong-hwa/Kim_Dong-hwa_0001.jpg 0
Janez_Drnovsek/Janez_Drnovsek_0001.jpg Sterling_Hitchcock/Sterling_Hitchcock_0001.jpg 0
Janica_Kostelic/Janica_Kostelic_0002.jpg Yasushi_Akashi/Yasushi_Akashi_0001.jpg 0
Janice_Abreu/Janice_Abreu_0001.jpg Kevin_Sorbo/Kevin_Sorbo_0001.jpg 0
Jeffrey_Ashby/Jeffrey_Ashby_0001.jpg Michael_Dell/Michael_Dell_0001.jpg 0
Jennifer_Garner/Jennifer_Garner_0006.jpg Mike_Duke/Mike_Duke_0001.jpg 0
Jennifer_Renee_Short/Jennifer_Renee_Short_0001.jpg Taylor_Twellman/Taylor_Twellman_0001.jpg 0
Jerry_Seinfeld/Jerry_Seinfeld_0001.jpg Tim_Blake_Nelson/Tim_Blake_Nelson_0001.jpg 0
Jerry_Tarkanian/Jerry_Tarkanian_0001.jpg Thomas_Rupprath/Thomas_Rupprath_0001.jpg 0
Jessica_Lange/Jessica_Lange_0002.jpg Sedigh_Barmak/Sedigh_Barmak_0001.jpg 0
Jim_Freudenberg/Jim_Freudenberg_0001.jpg Nigel_Redden/Nigel_Redden_0001.jpg 0
Jim_Freudenberg/Jim_Freudenberg_0001.jpg Tina_Pisnik/Tina_Pisnik_0001.jpg 0
Jim_Haslett/Jim_Haslett_0001.jpg Tsutomu_Takebe/Tsutomu_Takebe_0001.jpg 0
Jim_Otto/Jim_Otto_0001.jpg Rafiq_Hariri/Rafiq_Hariri_0001.jpg 0
Jimmy_Gurule/Jimmy_Gurule_0001.jpg Terry_McAuliffe/Terry_McAuliffe_0001.jpg 0
Jodie_Foster/Jodie_Foster_0003.jpg Joe_Pantoliano/Joe_Pantoliano_0001.jpg 0
John_Herrington/John_Herrington_0001.jpg Luis_Ernesto_Derbez_Bautista/Luis_Ernesto_Derbez_Bautista_0002.jpg 0
John_Richardson/John_Richardson_0001.jpg Yasushi_Akashi/Yasushi_Akashi_0001.jpg 0
John_Snow/John_Snow_0017.jpg Se_Hyuk_Joo/Se_Hyuk_Joo_0001.jpg 0
Jonathan_Arden/Jonathan_Arden_0001.jpg Joseph_Ralston/Joseph_Ralston_0001.jpg 0
Jorge_Castaneda/Jorge_Castaneda_0001.jpg Robert_Fico/Robert_Fico_0001.jpg 0
Jose_Rosado/Jose_Rosado_0001.jpg Micky_Arison/Micky_Arison_0001.jpg 0
Joseph_Blatter/Joseph_Blatter_0001.jpg Ronald_Kadish/Ronald_Kadish_0001.jpg 0
Joseph_Ralston/Joseph_Ralston_0002.jpg Juan_Pablo_Montoya/Juan_Pablo_Montoya_0005.jpg 0
Joseph_Ralston/Joseph_Ralston_0002.jpg Yoshiyuki_Kamei/Yoshiyuki_Kamei_0001.jpg 0
Juliette_Binoche/Juliette_Binoche_0001.jpg Matthew_Broderick/Matthew_Broderick_0003.jpg 0
Julio_De_Brun/Julio_De_Brun_0001.jpg Patty_Schnyder/Patty_Schnyder_0001.jpg 0
Julio_De_Brun/Julio_De_Brun_0001.jpg Vernon_Forrest/Vernon_Forrest_0001.jpg 0
Justin_Guarini/Justin_Guarini_0002.jpg Prince_Edward/Prince_Edward_0001.jpg 0
Kate_Winslet/Kate_Winslet_0002.jpg Mike_Duke/Mike_Duke_0001.jpg 0
Katie_Wagner/Katie_Wagner_0001.jpg Stan_Kroenke/Stan_Kroenke_0001.jpg 0
Keith_Lowen/Keith_Lowen_0001.jpg Robert_Evans/Robert_Evans_0002.jpg 0
Keith_Lowen/Keith_Lowen_0001.jpg Silvia_Farina_Elia/Silvia_Farina_Elia_0002.jpg 0
Ken_Loach/Ken_Loach_0001.jpg Taku_Yamasaki/Taku_Yamasaki_0001.jpg 0
Kevin_Crane/Kevin_Crane_0001.jpg Mike_Krzyzewski/Mike_Krzyzewski_0002.jpg 0
Kevin_Millwood/Kevin_Millwood_0001.jpg Mitchell_Crooks/Mitchell_Crooks_0001.jpg 0
Kim_Clijsters/Kim_Clijsters_0004.jpg Martin_Short/Martin_Short_0001.jpg 0
Kim_Hong-gul/Kim_Hong-gul_0001.jpg Milo_Djukanovic/Milo_Djukanovic_0003.jpg 0
Kim_Jong-Il/Kim_Jong-Il_0003.jpg Rick_Reed/Rick_Reed_0001.jpg 0
Lance_Armstrong/Lance_Armstrong_0009.jpg Maria_Garcia/Maria_Garcia_0001.jpg 0
Laurent_Jalabert/Laurent_Jalabert_0002.jpg Vincent_Gallo/Vincent_Gallo_0001.jpg 0
Leon_LaPorte/Leon_LaPorte_0001.jpg Ted_Williams/Ted_Williams_0001.jpg 0